date,CPI,CPI Food & Non Alcoholic Beverages,CPI Clothing & Footwears,CPI Housing & Furnishing,CPI Medical & Personal Care,CPI Transport & Communication,"CPI Recreation, Reading, Education and Religion",CPI Tobacco & Alcoholic Beverages,CPI Non Food & Beverages,Non Core CPI Raw Food and Energy,Non Core CPI Raw Food,Non Core CPI Energy,Core CPI,Meat (Fresh),Poultry (Fresh),Eggs
1997-01-01,60.0,45.3,85.5,82.2,71.0,60.3,89.6,39.5,72.0,37.0,34.0,40.3,72.0,,,
1997-02-01,60.4,45.7,85.5,82.5,71.2,60.3,89.7,39.4,72.1,37.7,34.7,40.1,72.2,,,
1997-03-01,60.7,45.9,85.5,83.1,71.4,60.6,89.7,39.3,72.4,38.1,35.1,41.4,72.3,,,
1997-04-01,60.8,46.2,85.6,83.3,71.5,60.9,89.7,39.3,72.6,38.4,35.3,41.5,72.4,,,
1997-05-01,61.0,46.1,86.7,83.4,71.2,61.3,92.3,39.3,73.0,38.2,35.2,41.1,72.7,,,
1997-06-01,61.1,46.2,86.8,83.5,71.5,61.2,93.3,39.4,73.1,38.1,35.1,41.0,73.0,,,
1997-07-01,61.5,46.8,87.0,83.5,71.5,61.2,93.3,39.4,73.2,39.0,35.9,40.9,73.3,,,
1997-08-01,63.1,49.1,87.1,83.7,72.4,62.5,93.5,40.9,73.9,41.9,39.0,42.4,74.0,,,
1997-09-01,63.4,49.1,89.2,84.3,72.5,63.2,93.9,41.5,74.5,41.9,38.6,44.1,74.5,,,
1997-10-01,64.0,49.1,90.0,85.1,72.9,64.2,94.0,44.3,75.6,41.7,37.8,46.5,75.4,,,
1997-11-01,64.4,49.1,90.8,86.8,73.7,65.4,94.6,45.5,76.7,41.8,37.5,49.0,76.2,,,
1997-12-01,64.4,48.9,91.2,86.9,74.1,65.8,94.8,45.6,77.1,41.5,37.2,49.4,76.3,,,
1998-01-01,65.2,49.6,91.7,87.3,75.4,66.4,95.5,45.6,77.6,42.2,37.8,49.8,77.0,,,
1998-02-01,65.8,50.4,91.9,87.4,75.8,66.6,95.8,45.8,77.9,43.2,39.1,50.0,77.3,,,
1998-03-01,66.3,51.2,93.1,87.6,76.5,66.9,96.6,47.1,78.4,43.6,40.2,48.8,78.0,,,
1998-04-01,66.8,51.6,93.3,88.3,77.2,67.2,96.6,47.7,78.9,44.3,41.0,48.7,78.5,,,
1998-05-01,67.2,52.0,93.8,88.5,77.6,67.8,97.0,48.4,79.4,45.0,41.7,49.3,78.7,,,
1998-06-01,67.5,52.3,94.4,88.8,78.3,67.6,97.5,49.6,79.7,45.1,42.1,48.7,79.1,,,
1998-07-01,67.6,52.3,94.9,88.9,78.9,67.6,97.6,49.7,79.8,44.8,41.9,47.9,79.3,,,
1998-08-01,67.9,52.7,94.5,89.4,79.1,67.6,97.6,50.0,79.9,45.0,42.1,48.1,79.7,,,
1998-09-01,67.7,52.5,94.7,89.6,79.5,66.6,97.6,50.0,79.8,44.4,41.9,46.6,79.8,,,
1998-10-01,67.6,52.1,94.9,89.7,80.1,66.9,97.6,50.2,80.0,43.8,41.0,46.9,80.1,,,
1998-11-01,67.3,51.7,95.1,89.8,80.2,66.5,97.6,50.2,79.9,43.1,40.2,46.0,80.1,,,
1998-12-01,67.2,51.7,95.1,89.4,80.0,65.6,97.7,50.2,79.6,42.2,40.0,43.9,80.1,,,
1999-01-01,67.3,51.8,95.3,89.7,80.2,66.2,98.2,50.1,79.9,42.3,39.8,44.2,80.5,,,
1999-02-01,67.4,52.0,95.4,89.6,80.4,65.9,98.3,50.1,79.8,42.5,40.2,43.9,80.5,,,
1999-03-01,67.2,51.6,95.7,89.8,80.5,66.3,98.2,50.0,80.0,41.9,39.4,44.4,80.5,,,
1999-04-01,67.2,51.4,94.6,88.9,80.2,66.5,97.9,49.5,79.6,41.9,39.1,45.0,80.1,,,
1999-05-01,66.8,51.3,94.6,87.8,80.1,66.8,96.8,49.5,79.3,41.4,39.0,43.8,80.1,,,
1999-06-01,66.7,51.3,94.6,87.8,80.2,66.3,96.9,49.6,79.1,41.2,39.0,43.0,80.1,,,
1999-07-01,66.9,51.1,94.6,87.8,80.5,67.3,96.9,50.3,79.6,41.2,38.6,44.2,80.2,,,
1999-08-01,67.2,51.1,95.1,88.4,80.5,68.5,97.0,50.5,80.1,41.8,38.4,46.6,80.4,,,
1999-09-01,67.2,51.0,95.1,88.5,80.4,69.1,97.2,50.6,80.3,41.9,38.2,47.6,80.4,,,
1999-10-01,67.2,50.8,95.1,88.6,80.9,69.6,97.2,51.5,80.6,41.9,37.9,48.3,80.5,,,
1999-11-01,67.3,51.0,95.2,88.7,81.4,69.7,97.2,51.4,80.8,42.0,38.2,48.1,80.6,,,
1999-12-01,67.6,50.8,95.4,89.9,81.8,70.2,97.2,51.2,81.2,42.5,38.0,50.8,80.6,,,
2000-01-01,67.8,50.9,95.6,90.0,81.9,70.6,97.2,51.4,81.5,43.0,38.3,51.3,80.7,,,
2000-02-01,68.1,51.1,95.7,90.0,82.0,71.5,97.2,51.4,81.8,43.6,38.7,52.6,80.7,,,
2000-03-01,68.1,51.0,95.7,89.9,82.0,72.5,97.2,50.6,82.1,43.7,38.4,54.5,80.7,,,
2000-04-01,67.9,50.7,95.7,90.1,82.4,71.3,97.0,50.7,81.7,43.1,37.9,52.5,80.7,,,
2000-05-01,68.0,50.5,95.9,90.1,82.7,72.4,97.0,50.5,82.1,43.2,37.8,53.5,80.7,,,
2000-06-01,68.1,50.4,96.1,90.1,82.6,73.7,97.0,50.6,82.5,43.3,37.4,55.0,80.9,,,
2000-07-01,68.2,50.4,96.1,90.1,82.7,74.2,97.0,50.6,82.7,43.4,37.4,55.9,80.9,,,
2000-08-01,68.7,51.0,96.2,90.2,82.7,74.8,97.1,50.6,83.0,44.6,38.4,57.4,80.9,,,
2000-09-01,68.8,51.1,96.2,90.2,82.7,75.5,97.1,50.5,83.3,45.0,38.7,58.3,81.0,,,
2000-10-01,68.6,50.4,96.2,89.9,83.0,75.7,97.1,50.5,83.3,43.9,37.6,57.2,81.1,,,
2000-11-01,68.7,50.5,96.2,90.2,83.7,75.8,97.1,50.5,83.4,44.4,37.7,58.4,81.2,,,
2000-12-01,68.7,50.4,96.3,90.2,83.9,75.8,97.2,50.6,83.5,43.9,37.5,57.8,81.3,,,
2001-01-01,68.8,50.7,96.3,90.2,83.9,75.5,97.2,50.7,83.4,44.1,38.0,56.4,81.4,,,
2001-02-01,69.1,50.8,96.4,91.5,83.9,76.1,97.2,50.9,84.1,44.8,38.0,59.5,81.5,,,
2001-03-01,69.1,50.9,96.5,91.5,84.1,76.0,97.2,50.9,84.1,45.0,38.2,59.4,81.5,,,
2001-04-01,69.6,51.2,96.7,91.6,84.2,76.7,97.2,54.8,84.6,45.8,38.9,60.4,81.9,,,
2001-05-01,69.8,51.2,96.9,91.6,84.3,77.6,98.2,55.0,85.1,46.2,39.0,61.9,82.0,,,
2001-06-01,69.6,51.0,96.9,91.7,84.5,76.8,98.7,55.0,85.0,45.4,38.4,60.4,82.1,,,
2001-07-01,69.6,51.3,96.9,91.9,84.5,75.8,98.7,54.8,84.7,45.5,39.1,58.8,82.1,,,
2001-08-01,69.6,51.4,97.0,90.8,84.6,75.8,98.7,54.8,84.3,45.0,39.1,56.8,82.1,,,
2001-09-01,69.8,51.1,97.2,91.9,84.5,76.8,98.6,54.8,85.0,45.7,38.7,60.6,82.1,,,
2001-10-01,69.5,51.0,97.2,91.6,84.5,75.5,98.4,55.0,84.5,44.7,38.4,57.8,82.2,,,
2001-11-01,69.3,51.1,97.2,91.7,84.9,74.0,98.4,55.0,84.1,44.3,38.7,55.1,82.2,,,
2001-12-01,69.1,50.8,97.2,91.6,84.9,73.9,98.4,55.0,84.1,43.6,38.0,54.9,82.2,,,
2002-01-01,69.3,51.0,97.2,91.6,84.9,74.2,98.6,55.0,84.2,44.0,38.4,55.3,82.2,,,
2002-02-01,69.4,51.0,97.2,91.6,85.0,74.8,98.6,55.0,84.4,44.3,38.4,56.1,82.2,,,
2002-03-01,69.5,51.0,97.2,91.6,85.1,76.0,98.6,55.0,84.7,44.7,38.4,57.7,82.3,,,
2002-04-01,69.9,51.1,97.2,91.5,85.1,77.8,98.6,55.0,85.3,45.7,38.5,60.1,82.3,,,
2002-05-01,70.0,51.0,97.3,91.6,85.1,78.1,99.1,55.0,85.5,45.7,38.4,60.5,82.4,,,
2002-06-01,69.8,51.2,97.3,91.3,85.1,77.0,99.1,55.0,85.0,45.4,38.6,59.2,82.3,,,
2002-07-01,69.8,51.2,97.3,91.3,85.1,76.6,99.1,55.0,84.8,45.2,38.6,58.6,82.3,,,
2002-08-01,69.8,51.2,97.3,91.5,85.3,76.9,99.1,55.0,85.1,45.4,38.6,59.0,82.4,,,
2002-09-01,70.1,51.5,97.3,91.4,85.4,77.7,99.4,55.1,85.4,46.0,39.1,60.1,82.4,,,
2002-10-01,70.4,51.7,97.3,91.4,85.5,79.0,99.4,55.1,85.7,47.1,39.8,61.7,82.4,,,
2002-11-01,70.2,51.5,97.5,91.5,85.5,77.7,99.6,55.1,85.4,46.2,39.3,60.2,82.4,,,
2002-12-01,70.2,51.5,97.5,91.5,85.6,77.7,99.5,55.1,85.5,46.1,39.1,60.4,82.4,,,
2003-01-01,70.8,52.2,97.5,91.4,85.7,79.8,99.5,54.8,86.0,47.5,40.2,62.7,82.5,46.4,55.8,46.2
2003-02-01,70.7,51.8,97.5,91.4,85.6,80.3,99.5,54.8,86.2,47.4,39.7,63.8,82.4,45.8,55.0,46.7
2003-03-01,70.7,52.0,97.5,91.4,85.5,80.2,99.5,54.8,86.1,47.5,39.8,63.6,82.4,45.1,54.1,47.0
2003-04-01,71.0,52.5,97.5,91.3,85.5,80.1,99.5,54.9,86.0,48.3,41.0,63.4,82.4,44.4,56.0,47.4
2003-05-01,71.3,53.5,97.6,91.1,85.8,79.3,98.8,54.9,85.7,49.0,42.3,62.4,82.4,47.0,60.0,48.6
2003-06-01,71.0,53.6,97.5,90.9,85.8,77.4,98.8,54.9,85.0,48.3,42.5,59.8,82.4,48.5,63.7,52.3
2003-07-01,71.0,53.4,97.5,90.9,85.7,78.3,98.8,54.9,85.3,48.5,42.1,60.9,82.4,48.5,64.9,53.0
2003-08-01,71.4,53.6,97.5,90.7,85.7,79.7,98.8,54.9,85.6,49.3,42.6,62.9,82.4,48.4,65.6,52.6
2003-09-01,71.3,53.7,97.5,90.7,85.8,79.3,98.8,54.8,85.5,49.2,42.7,62.3,82.4,48.3,64.0,54.2
2003-10-01,71.4,53.8,97.5,90.6,86.8,78.9,98.8,54.6,85.5,49.3,43.1,61.6,82.4,48.5,61.9,54.4
2003-11-01,71.5,53.8,97.3,90.5,86.9,79.6,98.8,54.6,85.7,49.4,43.0,62.6,82.4,48.4,62.7,54.0
2003-12-01,71.5,53.7,97.3,90.6,87.2,80.2,98.8,54.5,85.9,49.5,42.5,63.6,82.4,47.9,62.1,53.9
2004-01-01,71.8,53.9,97.5,90.7,87.2,80.5,98.9,54.5,86.0,50.1,43.1,64.0,82.4,48.4,64.6,58.6
2004-02-01,72.3,54.7,97.5,91.4,87.1,80.8,98.9,54.3,86.3,51.2,44.3,64.9,82.6,57.3,55.8,53.7
2004-03-01,72.5,55.0,97.6,91.4,87.1,80.8,98.9,54.3,86.3,51.6,44.9,64.9,82.6,61.5,61.3,53.4
2004-04-01,72.8,55.9,97.6,91.4,87.1,80.8,98.9,54.3,86.3,52.7,46.4,64.9,82.6,64.0,69.4,70.4
2004-05-01,73.1,55.9,97.6,91.6,87.1,81.1,101.3,54.3,86.7,52.9,46.5,65.7,82.9,63.0,69.6,74.7
2004-06-01,73.3,55.9,97.7,91.5,87.2,82.0,101.4,54.2,86.9,53.2,46.3,66.8,82.9,57.9,66.8,73.9
2004-07-01,73.4,55.9,97.7,91.6,87.1,82.6,101.5,54.2,87.1,53.4,46.2,67.7,83.0,54.2,62.6,77.2
2004-08-01,73.6,56.0,97.7,91.6,87.2,84.1,101.4,54.2,87.7,54.3,46.5,70.2,82.8,54.9,61.3,76.9
2004-09-01,73.8,56.0,97.8,91.6,87.4,85.6,101.5,54.3,88.0,54.9,46.5,72.1,82.9,53.6,64.4,76.9
2004-10-01,73.8,55.9,97.8,91.8,87.8,85.7,101.5,54.3,88.3,54.9,46.2,72.7,82.9,53.4,59.1,74.7
2004-11-01,73.6,55.4,97.8,91.7,87.9,85.4,101.4,54.2,88.2,54.2,45.3,72.4,83.0,54.4,56.5,69.4
2004-12-01,73.6,55.9,97.8,91.8,88.0,83.5,101.5,54.5,87.7,54.0,46.2,69.8,83.0,55.8,59.5,69.9
2005-01-01,73.6,56.3,97.9,91.9,88.1,82.9,101.5,54.5,87.5,54.0,46.6,68.9,83.1,56.6,62.7,75.1
2005-02-01,74.0,56.8,97.9,91.9,88.1,83.6,101.5,54.5,87.7,55.1,47.5,70.0,83.1,57.4,66.0,75.9
2005-03-01,74.8,57.2,97.9,92.1,88.2,85.7,101.5,54.4,88.6,56.6,48.2,73.6,83.3,58.0,67.2,74.8
2005-04-01,75.3,57.9,97.9,92.2,88.5,87.1,101.6,54.4,89.1,58.3,49.2,76.8,83.3,63.3,69.3,75.8
2005-05-01,75.8,58.0,98.0,92.4,88.8,88.5,101.6,54.5,89.9,58.3,49.4,76.4,83.9,64.4,69.7,78.2
2005-06-01,76.0,58.0,98.0,92.6,88.9,89.6,101.6,54.5,90.3,58.7,49.3,78.2,84.0,63.5,69.0,80.1
2005-07-01,77.2,58.2,98.0,92.7,89.1,94.7,101.6,54.5,92.3,61.0,49.8,84.6,84.5,63.2,69.2,84.3
2005-08-01,77.7,59.0,98.1,92.8,89.2,95.5,101.5,54.6,92.6,62.2,50.9,85.6,84.6,62.7,70.4,83.4
2005-09-01,78.2,59.8,98.2,92.8,89.3,96.4,101.5,55.4,93.0,63.7,52.2,87.7,84.7,61.7,71.8,79.0
2005-10-01,78.5,59.8,98.2,93.3,89.3,97.0,101.5,55.9,93.4,64.0,52.3,88.9,84.8,59.9,71.9,76.7
2005-11-01,77.9,59.3,98.2,93.3,89.4,95.0,101.5,56.1,92.8,62.5,51.4,85.3,84.9,60.4,70.6,74.7
2005-12-01,77.8,59.0,98.3,93.4,89.5,94.6,101.5,59.8,92.9,61.8,50.7,85.3,85.0,61.5,67.7,69.6
2006-01-01,78.0,58.6,98.3,93.5,89.6,96.2,101.5,59.8,93.5,62.2,50.1,88.3,85.0,61.8,69.5,69.4
2006-02-01,78.1,58.6,98.3,94.3,89.8,96.7,101.5,59.9,93.9,62.5,50.1,89.2,85.3,61.3,68.3,65.8
2006-03-01,79.0,59.9,98.3,94.3,89.8,97.5,101.5,59.9,94.2,64.3,52.0,90.5,85.4,60.9,65.1,66.1
2006-04-01,79.9,61.0,98.3,94.3,89.9,98.9,101.9,59.9,94.9,66.3,53.9,92.9,85.7,61.1,66.3,67.2
2006-05-01,80.5,61.3,98.3,94.3,90.1,101.1,102.5,59.9,95.8,67.1,54.1,94.8,86.2,61.5,66.8,67.6
2006-06-01,80.5,60.6,98.3,94.8,90.2,102.1,102.5,59.9,96.3,66.8,52.7,97.2,86.2,61.5,65.9,68.3
2006-07-01,80.7,60.7,98.3,94.8,90.3,102.6,102.5,60.0,96.6,67.2,53.0,98.1,86.2,61.2,64.7,67.2
2006-08-01,80.7,60.7,98.4,94.8,90.3,102.5,102.8,60.0,96.6,67.1,53.1,97.4,86.3,60.8,64.1,67.1
2006-09-01,80.4,61.4,98.4,94.9,90.3,99.4,102.9,60.0,95.4,66.3,54.2,91.9,86.4,60.4,62.4,66.6
2006-10-01,80.8,62.8,98.4,94.9,90.4,97.6,102.8,60.1,94.7,67.4,57.0,88.6,86.4,59.6,63.5,65.5
2006-11-01,80.7,62.8,98.4,94.9,90.4,97.4,102.8,60.1,94.6,67.1,56.7,88.2,86.4,59.3,65.5,66.9
2006-12-01,80.7,62.6,98.4,94.9,90.6,97.6,102.8,60.4,94.7,66.9,56.2,89.0,86.4,58.5,67.7,67.8
2007-01-01,80.4,62.3,98.3,94.9,90.6,97.0,102.9,60.4,94.5,66.2,55.7,87.7,86.5,54.8,67.0,67.7
2007-02-01,80.1,61.7,98.3,94.7,90.7,97.1,102.8,60.3,94.4,65.2,54.6,87.3,86.5,52.0,63.9,67.7
2007-03-01,80.6,62.1,98.3,94.7,90.7,98.7,102.8,60.4,95.1,66.6,55.2,90.2,86.6,53.1,65.7,66.5
2007-04-01,81.3,63.0,98.4,94.7,90.7,100.4,102.9,60.2,95.8,68.5,56.7,93.3,86.7,54.3,66.8,66.0
2007-05-01,82.0,63.6,98.5,94.8,90.7,101.7,103.1,60.2,96.3,70.0,57.7,95.7,86.7,54.5,68.1,68.5
2007-06-01,82.0,63.8,98.5,94.7,90.7,101.7,103.1,60.4,96.3,69.9,57.8,95.2,86.8,54.7,70.1,70.3
2007-07-01,82.0,63.8,98.5,94.6,90.8,101.7,104.1,60.4,96.3,69.8,57.8,95.2,86.9,55.6,72.4,70.9
2007-08-01,81.5,63.4,98.5,94.6,90.9,100.4,104.1,60.5,95.8,68.6,57.0,93.0,86.9,56.8,73.7,72.0
2007-09-01,82.0,63.7,98.5,94.6,90.9,101.7,104.1,62.0,96.5,69.7,57.4,95.2,87.1,56.7,73.5,73.0
2007-10-01,82.7,64.6,98.5,94.5,90.8,103.2,104.1,62.1,97.0,71.2,58.8,97.1,87.4,55.5,72.5,71.6
2007-11-01,83.1,64.4,98.5,94.6,90.9,105.3,104.4,62.1,97.8,72.0,58.5,100.6,87.4,56.6,74.0,71.7
2007-12-01,83.1,64.3,98.6,94.7,90.9,105.9,104.4,62.0,98.0,71.9,58.0,101.7,87.5,56.7,74.8,70.5
2008-01-01,83.9,65.3,98.6,94.7,91.1,106.2,104.6,62.1,98.2,73.5,59.7,102.9,87.6,57.1,75.1,69.6
2008-02-01,84.4,66.6,98.6,94.9,91.2,106.0,104.7,62.5,98.2,74.7,61.3,102.8,87.8,68.5,75.8,73.6
2008-03-01,84.9,67.0,98.7,94.8,91.4,107.5,104.7,62.5,98.7,75.5,61.4,105.4,88.1,71.5,78.7,80.7
2008-04-01,86.3,69.3,98.7,94.9,91.5,109.4,104.7,62.5,99.5,78.8,64.6,108.9,88.5,71.5,81.7,82.6
2008-05-01,88.3,71.1,98.8,95.0,91.6,113.6,105.2,62.5,101.2,82.8,67.1,116.1,89.1,70.0,83.7,82.4
2008-06-01,89.1,71.1,98.9,95.1,91.6,118.9,105.2,62.6,103.2,84.0,65.5,124.4,89.9,69.2,83.3,81.6
2008-07-01,89.5,71.3,98.9,95.2,91.8,119.8,105.3,62.6,103.6,84.6,65.6,125.7,90.1,67.9,83.2,79.4
2008-08-01,86.9,72.4,98.9,86.6,91.9,110.7,105.3,62.7,97.3,78.7,67.3,101.6,89.2,68.2,84.9,80.2
2008-09-01,87.0,73.8,98.9,86.7,92.1,108.5,105.2,62.7,96.5,79.1,69.3,98.1,89.2,68.3,84.8,81.5
2008-10-01,85.9,73.6,98.9,87.4,92.3,103.0,105.3,62.8,94.6,76.3,68.9,89.4,89.3,67.6,82.0,79.0
2008-11-01,84.9,74.3,98.9,87.3,92.5,95.7,105.2,62.8,92.0,73.9,70.3,77.5,89.1,67.6,81.6,78.2
2008-12-01,83.5,73.1,98.9,87.3,92.5,91.1,105.3,62.8,90.2,70.3,68.3,69.7,89.0,67.4,82.0,80.5
2009-01-01,83.5,72.9,98.9,87.7,92.5,90.9,105.3,62.8,90.3,70.1,67.8,70.8,89.0,67.6,82.0,76.7
2009-02-01,84.3,72.6,98.9,90.1,92.5,92.9,105.3,62.8,92.0,72.1,67.3,78.9,89.3,68.9,82.1,74.9
2009-03-01,84.7,73.1,98.9,90.1,92.7,93.9,105.3,62.8,92.3,73.5,68.1,81.2,89.3,69.8,81.1,75.9
2009-04-01,85.5,74.1,99.0,90.2,92.8,95.4,105.3,62.8,93.0,76.1,70.0,85.3,89.4,72.8,80.8,82.0
2009-05-01,85.3,74.2,95.4,90.3,92.8,96.3,94.6,65.9,92.5,76.7,70.1,87.3,88.9,76.0,82.9,84.3
2009-06-01,85.6,73.8,95.5,90.3,92.9,98.0,94.6,71.0,93.4,77.6,69.5,91.9,89.0,75.7,83.6,82.7
2009-07-01,85.6,73.6,95.5,90.3,92.9,98.2,94.6,71.2,93.5,77.3,68.8,92.4,89.0,73.5,83.2,83.7
2009-08-01,85.9,73.5,95.5,90.3,93.0,99.6,94.5,71.2,94.0,78.4,68.8,96.0,89.0,72.6,83.2,85.8
2009-09-01,86.1,74.3,95.5,90.4,93.2,98.8,94.5,71.2,93.8,78.9,70.2,94.0,89.1,72.4,83.7,85.9
2009-10-01,86.2,74.7,95.5,90.3,93.2,98.7,94.5,71.3,93.7,79.2,71.0,93.4,89.2,72.1,84.5,81.8
2009-11-01,86.5,74.7,95.5,90.3,93.3,99.7,94.5,71.3,94.1,79.9,70.9,96.0,89.2,71.9,84.1,81.6
2009-12-01,86.4,74.7,95.5,90.4,93.4,99.4,94.5,71.3,94.0,79.5,70.8,95.2,89.3,72.1,83.7,82.7
2010-01-01,86.92,75.29,95.51,91.13,93.48,99.99,94.53,71.29,94.54,80.78,71.89,96.47,89.53,73.1,85.58,80.31
2010-02-01,87.4,76.34,95.53,91.14,93.51,100.15,94.47,71.33,94.61,82.4,73.99,96.82,89.55,75.11,87.37,85.24
2010-03-01,87.6,76.39,95.55,91.21,93.52,100.88,94.48,71.34,94.93,82.87,73.96,98.49,89.63,75.59,87.12,85.73
2010-04-01,88.04,76.8,95.6,91.88,93.53,101.38,94.57,71.32,95.38,83.76,74.73,99.54,89.9,75.79,87.23,84.66
2010-05-01,88.21,77.54,95.61,91.91,93.58,100.73,94.58,71.33,95.13,84.24,76.14,97.82,89.95,75.99,88.61,86.19
2010-06-01,88.44,78.33,95.63,92.13,93.66,99.99,94.7,71.32,94.94,84.77,77.66,95.85,90.04,76.35,89.16,91.03
2010-07-01,88.57,78.61,95.56,92.18,93.74,100.0,94.78,71.29,94.97,85.16,78.19,95.88,90.08,76.2,88.36,94.31
2010-08-01,88.79,78.99,95.48,92.18,93.75,100.2,94.78,71.29,95.04,85.85,78.96,96.32,90.09,76.08,86.79,92.99
2010-09-01,88.72,79.2,95.48,92.19,93.72,99.49,94.89,71.29,94.79,85.54,79.31,94.46,90.12,75.55,86.5,91.59
2010-10-01,88.74,78.89,95.51,92.18,93.83,100.16,95.03,71.24,95.05,85.39,78.4,96.18,90.22,73.02,85.74,89.29
2010-11-01,88.93,79.07,95.6,92.14,93.9,100.65,95.04,71.24,95.25,85.99,78.68,97.5,90.24,72.93,85.79,90.33
2010-12-01,89.07,78.91,95.68,92.27,93.81,101.44,95.18,71.24,95.59,85.71,77.43,99.6,90.55,73.1,87.16,90.53
2011-01-01,89.56,79.77,95.68,92.12,93.93,102.08,95.19,71.24,95.82,86.99,78.71,100.82,90.71,73.35,89.06,90.88
2011-02-01,89.92,80.27,95.74,92.21,93.97,102.58,95.31,71.27,96.06,87.91,79.44,102.1,90.83,75.17,91.61,93.23
2011-03-01,90.36,80.88,95.78,92.27,94.05,103.35,95.23,71.29,96.37,88.83,79.89,104.09,91.1,77.09,93.85,95.24
2011-04-01,91.6,83.41,95.91,92.45,94.19,103.87,95.22,71.32,96.67,91.49,82.96,105.57,91.75,83.59,99.67,105.65
2011-05-01,91.91,84.04,96.14,92.76,94.35,103.68,95.25,71.34,96.74,91.54,82.96,105.73,92.18,87.8,105.62,104.25
2011-06-01,92.03,84.4,96.25,92.8,94.44,103.45,95.27,71.34,96.68,91.55,83.25,105.06,92.35,87.3,107.66,100.18
2011-07-01,92.2,84.25,96.3,93.6,94.55,103.73,95.28,71.34,97.08,91.93,82.76,107.55,92.41,88.76,104.0,98.85
2011-08-01,92.6,85.65,96.28,93.66,94.7,102.74,95.25,71.35,96.73,92.7,84.88,104.96,92.66,94.32,100.65,103.52
2011-09-01,92.28,86.2,96.33,93.69,94.74,100.29,95.3,71.36,95.8,91.42,85.56,99.03,92.76,90.91,97.74,104.78
2011-10-01,92.46,86.67,96.38,93.75,94.78,100.14,95.3,71.35,95.77,91.86,86.35,98.58,92.82,86.1,98.06,106.68
2011-11-01,92.66,87.13,96.39,93.81,94.81,100.02,95.44,71.4,95.76,92.47,87.2,98.54,92.85,84.35,100.7,116.23
2011-12-01,92.22,86.09,96.39,93.88,94.85,99.95,95.44,71.45,95.76,90.68,84.93,98.07,92.96,87.19,100.32,101.35
2012-01-01,92.58,85.91,96.4,94.16,94.95,101.61,95.44,71.47,96.52,91.32,83.81,102.95,93.2,85.66,99.7,89.55
2012-02-01,92.92,86.03,96.45,94.21,95.01,102.84,95.42,71.47,97.03,92.27,83.79,106.15,93.3,83.37,98.65,93.18
2012-03-01,93.47,86.6,96.86,94.35,95.1,103.99,95.42,71.53,97.56,93.42,84.19,109.03,93.6,78.6,95.28,95.04
2012-04-01,93.86,87.16,96.84,94.4,95.26,104.56,95.43,71.59,97.81,94.54,85.26,110.25,93.71,82.82,94.07,90.21
2012-05-01,94.23,88.39,97.12,94.41,95.29,103.8,95.6,71.69,97.54,95.15,87.23,107.5,93.97,86.14,95.85,93.46
2012-06-01,94.39,88.39,97.18,95.97,95.47,102.95,95.82,71.76,97.81,95.34,87.2,108.2,94.11,83.8,96.03,97.92
2012-07-01,94.71,88.81,97.2,95.99,95.53,103.59,95.84,71.79,98.08,96.42,88.02,109.86,94.14,83.1,95.98,92.96
2012-08-01,95.09,89.09,97.29,96.18,95.7,104.37,95.82,73.08,98.51,97.34,88.49,111.78,94.3,82.76,95.22,93.14
2012-09-01,95.4,89.37,97.33,96.94,95.66,104.26,95.82,76.39,98.87,97.91,88.83,112.85,94.51,82.36,94.63,91.48
2012-10-01,95.53,89.58,97.31,96.88,95.81,104.36,95.89,76.83,98.92,98.3,89.28,113.05,94.53,80.4,93.67,89.02
2012-11-01,95.19,88.81,97.34,96.96,95.88,104.21,95.92,76.86,98.9,97.01,87.64,112.68,94.58,82.06,95.69,90.45
2012-12-01,95.56,89.53,97.34,97.05,96.03,104.36,95.91,76.88,99.01,98.19,89.11,113.12,94.61,82.06,97.75,91.68
2013-01-01,95.71,89.6,97.37,97.3,96.1,104.62,95.92,76.89,99.2,98.54,89.1,114.07,94.69,83.29,98.84,95.65
2013-02-01,95.92,89.53,97.37,97.32,96.19,105.56,95.97,76.89,99.56,99.07,88.71,116.09,94.76,87.59,99.72,99.12
2013-03-01,95.98,89.77,97.38,97.32,96.16,105.43,96.05,76.94,99.52,99.34,89.31,115.79,94.76,86.74,99.59,97.67
2013-04-01,96.13,90.77,97.5,97.35,96.17,104.49,96.0,76.93,99.19,99.77,91.29,113.7,94.81,88.66,101.18,97.56
2013-05-01,96.37,91.57,97.96,97.14,96.18,104.39,96.0,76.93,99.1,100.49,92.89,112.97,94.86,89.39,102.95,106.13
2013-06-01,96.51,91.5,98.06,97.23,96.27,104.97,96.19,77.01,99.37,100.82,92.63,114.25,94.94,89.69,103.72,112.51
2013-07-01,96.61,91.31,98.07,97.25,96.26,105.7,96.19,77.01,99.65,101.19,92.23,115.89,94.94,90.1,105.07,106.93
2013-08-01,96.6,91.44,98.08,97.26,96.36,105.38,96.23,77.01,99.55,101.0,92.39,115.14,95.01,92.4,106.84,110.09
2013-09-01,96.76,91.59,98.16,97.65,96.4,105.32,96.23,77.91,99.7,101.33,92.57,115.72,95.1,92.56,105.55,117.59
2013-10-01,96.92,92.14,98.19,97.7,96.44,104.97,96.35,79.53,99.66,101.67,93.57,114.97,95.2,92.0,103.57,116.73
2013-11-01,97.02,92.23,98.21,97.76,96.58,105.09,96.38,79.82,99.74,101.51,93.1,115.32,95.38,91.68,102.74,112.46
2013-12-01,97.16,92.23,98.26,97.84,96.55,105.58,96.43,79.89,99.96,101.77,92.8,116.5,95.47,91.78,103.06,111.49
2014-01-01,97.56,92.84,98.28,98.15,96.6,106.07,96.43,79.97,100.27,102.76,93.33,118.24,95.67,94.98,104.06,111.58
2014-02-01,97.8,93.35,98.29,98.23,96.83,106.1,96.47,80.21,100.33,102.91,93.66,118.11,95.93,97.76,104.91,111.74
2014-03-01,98.0,93.77,98.3,98.29,96.91,106.23,96.54,80.89,100.42,103.49,94.39,118.45,96.0,98.55,104.64,108.65
2014-04-01,98.49,94.96,98.35,98.36,97.0,106.29,96.57,81.42,100.51,104.25,95.46,118.68,96.39,101.34,103.79,104.45
2014-05-01,98.89,95.58,98.67,98.83,97.12,106.39,96.7,81.72,100.77,105.35,96.43,119.98,96.52,103.25,103.65,110.56
2014-06-01,98.78,95.29,98.7,98.87,97.19,106.29,96.9,81.73,100.78,104.83,95.76,119.74,96.57,104.46,103.71,111.74
2014-07-01,98.7,95.12,98.73,98.92,97.24,106.17,96.9,81.81,100.76,104.29,95.06,119.45,96.67,104.56,104.18,110.26
2014-08-01,98.62,95.05,98.79,99.03,97.42,105.72,96.94,81.81,100.67,103.74,94.77,118.48,96.75,104.09,104.78,112.98
2014-09-01,98.45,95.12,98.91,99.06,97.53,104.83,96.92,81.76,100.37,103.17,95.07,116.45,96.74,103.08,104.88,111.29
2014-10-01,98.35,95.14,99.0,99.11,97.57,104.24,97.0,81.79,100.19,102.62,95.03,115.11,96.79,101.14,104.99,104.32
2014-11-01,98.24,95.35,99.07,99.18,97.67,103.29,97.0,82.1,99.89,101.92,95.16,113.02,96.91,99.47,104.78,104.66
2014-12-01,97.74,95.15,99.08,99.55,97.79,100.98,97.13,82.1,99.22,99.57,94.54,107.88,97.08,98.88,104.19,100.89
2015-01-01,97.17,95.02,99.07,99.45,97.89,98.74,97.11,82.1,98.4,97.01,94.11,101.81,97.24,98.04,103.61,98.65
2015-02-01,97.28,94.95,99.12,99.53,97.88,99.27,97.13,82.1,98.61,97.25,93.84,102.89,97.32,96.87,102.04,96.96
2015-03-01,97.45,94.94,99.13,99.64,98.03,99.87,97.12,82.11,98.89,98.0,94.28,104.17,97.26,96.41,101.87,92.81
2015-04-01,97.47,95.54,99.15,99.72,98.0,98.83,97.15,83.36,98.57,97.74,95.26,101.88,97.38,96.92,101.7,92.34
2015-05-01,97.63,95.69,99.15,99.31,98.13,99.64,97.42,83.37,98.75,98.25,95.59,102.68,97.43,97.25,101.98,95.44
2015-06-01,97.73,95.78,99.17,99.35,98.09,99.84,97.61,83.45,98.86,98.47,95.65,103.13,97.47,97.91,101.61,95.67
2015-07-01,97.66,96.18,99.2,99.35,98.09,98.79,98.11,83.46,98.52,97.95,96.26,100.76,97.58,97.97,101.69,97.45
2015-08-01,97.45,96.25,99.24,99.32,98.1,97.72,98.17,83.46,98.13,97.05,96.33,98.29,97.6,98.15,101.95,101.84
2015-09-01,97.4,96.37,99.36,99.18,98.39,97.4,98.19,83.51,98.0,96.73,96.51,97.14,97.67,98.73,102.15,103.95
2015-10-01,97.59,96.8,99.4,99.2,98.56,97.47,98.21,83.53,98.06,97.32,97.37,97.29,97.72,97.91,101.19,102.73
2015-11-01,97.28,96.19,99.55,99.25,98.59,96.97,98.22,83.56,97.91,96.02,95.98,96.16,97.77,97.32,100.56,100.36
2015-12-01,96.9,95.94,99.58,99.26,98.62,95.71,98.22,83.56,97.46,94.67,95.52,93.38,97.75,97.02,100.65,99.03
2016-01-01,96.65,95.78,99.57,99.18,98.85,94.89,98.23,83.56,97.17,93.57,95.12,91.09,97.81,96.8,100.53,98.28
2016-02-01,96.79,96.15,99.57,99.13,98.78,94.51,98.24,90.91,97.19,93.64,95.88,90.04,97.98,97.06,100.09,99.51
2016-03-01,97.0,95.85,99.57,99.16,98.79,95.6,98.24,93.96,97.66,94.34,95.53,92.47,97.99,96.92,100.06,102.07
2016-04-01,97.53,97.03,99.67,99.18,98.79,96.01,98.21,94.31,97.83,95.95,97.54,93.39,98.13,98.0,100.3,102.06
2016-05-01,98.08,98.52,99.68,97.91,99.02,97.23,98.46,94.34,97.83,97.85,100.79,93.1,98.18,100.59,101.21,103.73
2016-06-01,98.11,98.46,99.5,97.95,98.97,97.47,98.55,94.36,97.92,97.75,100.31,93.64,98.26,101.39,100.93,107.52
2016-07-01,97.77,97.93,99.66,97.96,98.94,96.78,98.55,94.36,97.69,96.34,98.98,92.11,98.31,100.97,101.47,109.54
2016-08-01,97.73,98.06,99.76,98.01,99.02,96.3,98.63,94.37,97.56,96.04,99.14,91.05,98.38,100.16,102.64,110.69
2016-09-01,97.77,97.79,99.56,98.02,99.09,96.85,98.7,94.37,97.77,96.09,98.46,92.29,98.4,99.53,102.58,111.26
2016-10-01,97.92,97.67,99.73,98.06,99.18,97.64,98.7,94.37,98.08,96.58,98.16,94.05,98.43,98.48,101.74,108.9
2016-11-01,97.87,97.62,99.74,98.1,99.17,97.41,98.7,94.37,98.01,96.32,98.04,93.54,98.46,97.73,101.47,106.25
2016-12-01,97.99,97.24,99.75,98.09,99.19,98.59,98.73,94.41,98.44,96.74,97.13,96.19,98.47,96.65,101.31,103.04
2017-01-01,98.15,97.25,99.79,97.92,99.17,99.4,98.72,94.4,98.67,97.12,96.87,97.48,98.54,95.89,101.1,100.3
2017-02-01,98.19,97.11,99.55,97.96,99.08,99.78,98.72,94.38,98.82,97.2,96.43,98.27,98.56,95.7,101.14,99.38
2017-03-01,97.74,96.5,99.69,97.97,99.22,98.76,98.79,94.39,98.47,95.48,94.98,96.14,98.6,95.04,100.98,96.31
2017-04-01,97.9,96.78,99.63,98.01,99.18,98.96,98.82,94.39,98.54,95.99,95.59,96.55,98.62,95.12,101.13,95.58
2017-05-01,98.04,97.16,99.67,98.54,99.19,98.46,98.89,94.41,98.55,96.49,96.45,96.54,98.63,96.74,101.81,99.22
2017-06-01,98.06,97.77,99.52,98.56,99.22,97.5,99.22,94.47,98.24,96.36,97.7,94.51,98.7,96.93,101.88,101.15
2017-07-01,97.93,97.39,99.55,98.57,99.35,97.49,99.23,94.47,98.25,95.71,96.62,94.44,98.78,96.04,101.96,99.6
2017-08-01,98.04,97.16,99.67,98.57,99.23,98.33,99.24,94.48,98.56,95.97,95.88,96.07,98.83,95.71,102.23,99.65
2017-09-01,98.61,97.84,99.67,99.08,99.29,99.04,99.23,96.32,99.06,97.79,97.4,98.33,98.92,95.92,101.86,101.05
2017-10-01,98.76,98.06,99.61,99.12,99.29,99.08,99.22,99.63,99.17,98.12,97.88,98.45,99.01,94.48,101.72,96.92
2017-11-01,98.83,97.65,99.63,99.21,99.43,99.89,99.23,99.81,99.53,98.23,96.86,100.12,99.06,93.02,101.4,94.45
2017-12-01,98.75,97.43,99.55,99.19,99.34,99.89,99.29,99.85,99.52,97.87,96.24,100.1,99.08,91.74,100.33,93.09
2018-01-01,98.82,97.34,99.68,99.19,99.41,100.31,99.3,99.99,99.7,98.07,95.96,100.96,99.11,90.25,100.06,91.14
2018-02-01,98.6,96.95,99.52,99.27,99.6,99.84,99.29,99.99,99.55,97.05,94.95,99.94,99.18,89.86,100.22,92.48
2018-03-01,98.51,96.69,99.73,99.37,99.64,99.76,99.28,100.01,99.58,96.65,94.35,99.79,99.22,89.09,99.61,91.24
2018-04-01,98.95,97.44,99.74,99.48,99.66,100.35,99.28,100.03,99.83,98.17,96.05,101.08,99.25,92.19,99.79,92.94
2018-05-01,99.5,97.88,100.01,99.64,99.9,101.71,99.4,100.02,100.45,99.74,96.67,103.96,99.41,93.55,100.07,98.31
2018-06-01,99.42,97.74,100.07,99.66,99.87,101.53,99.51,100.01,100.4,99.16,95.99,103.56,99.52,92.58,99.58,98.25
2018-07-01,99.37,97.41,100.09,99.67,99.9,101.78,99.5,100.01,100.5,98.84,95.06,104.06,99.56,92.3,99.6,97.67
2018-08-01,99.63,97.91,100.11,99.68,99.82,102.12,99.5,100.02,100.63,99.79,96.18,104.77,99.57,93.13,100.1,98.62
2018-09-01,99.92,98.19,100.11,99.74,99.88,102.86,99.53,100.03,100.93,100.49,96.27,106.3,99.71,94.37,100.4,98.63
2018-10-01,99.98,98.32,100.08,99.7,99.96,102.93,99.52,100.04,100.95,100.63,96.43,106.44,99.75,93.72,100.14,95.99
2018-11-01,99.76,98.67,99.83,99.74,99.8,101.48,99.53,100.04,100.39,99.8,97.17,103.42,99.75,94.41,99.96,95.02
2018-12-01,99.1,98.31,99.81,99.77,99.89,99.24,99.57,100.04,99.58,97.4,96.35,98.86,99.76,94.14,99.76,94.26
2019-01-01,99.08,98.64,99.9,99.95,100.08,98.39,99.58,100.0,99.34,97.21,97.05,97.41,99.8,96.58,99.59,95.36
2019-02-01,99.32,98.78,100.1,99.95,99.93,99.18,99.57,100.0,99.64,98.12,97.46,99.04,99.78,100.51,100.19,95.88
2019-03-01,99.73,98.98,100.05,99.98,99.96,100.55,99.57,100.0,100.16,99.55,97.89,101.86,99.8,100.81,99.89,93.11
2019-04-01,100.17,99.59,100.09,100.0,100.0,101.42,99.6,100.0,100.5,101.0,99.23,103.44,99.85,100.78,99.48,94.14
2019-05-01,100.64,100.65,100.09,99.97,100.11,101.79,99.68,100.0,100.65,102.48,101.78,103.45,99.95,101.72,99.67,97.33
2019-06-01,100.28,100.79,99.89,99.98,99.99,99.93,100.31,100.02,100.0,101.03,102.08,99.56,100.0,102.59,100.45,100.51
2019-07-01,100.34,100.8,100.05,99.94,99.03,100.43,100.22,100.05,100.08,101.32,101.83,100.61,99.97,102.76,100.78,101.5
2019-08-01,100.15,100.49,100.02,99.98,99.79,99.85,100.28,100.04,99.95,100.39,101.13,99.36,100.06,101.39,100.32,104.57
2019-09-01,100.24,100.61,99.81,100.07,100.11,99.92,100.27,100.04,100.03,100.5,101.19,99.5,100.15,100.04,100.09,105.04
2019-10-01,100.09,100.51,99.81,100.07,100.38,99.4,100.27,99.96,99.85,99.85,100.89,98.41,100.19,97.81,99.7,105.46
2019-11-01,99.96,100.15,100.12,100.04,100.13,99.48,100.28,99.94,99.86,99.31,99.86,98.55,100.21,96.97,99.82,104.43
2019-12-01,99.97,100.02,100.06,100.04,100.5,99.6,100.29,99.92,99.95,99.27,99.57,98.84,100.24,98.05,100.06,102.63
2020-01-01,100.13,100.43,100.06,100.1,100.28,99.63,100.33,99.98,99.96,99.78,100.39,98.91,100.26,105.07,101.0,101.51
2020-02-01,100.05,100.8,100.09,100.17,100.31,98.71,100.09,100.0,99.63,99.24,100.85,97.01,100.35,105.84,100.69,100.13
2020-03-01,99.19,100.55,100.14,100.07,100.32,95.59,100.04,100.02,98.42,96.2,100.3,90.51,100.33,104.07,100.07,100.78
2020-04-01,97.17,100.62,100.17,95.44,100.16,91.51,99.94,100.02,95.19,89.03,100.53,73.12,100.26,103.15,99.45,109.77
2020-05-01,97.18,100.64,100.17,94.36,100.34,92.48,100.04,100.02,95.19,89.86,100.52,75.12,99.96,103.06,98.97,101.03
2020-06-01,98.7,100.84,99.98,98.28,100.18,94.88,100.02,100.02,97.47,95.42,100.97,87.72,99.95,103.58,99.86,95.74
2020-07-01,99.36,101.35,100.01,99.88,100.19,95.29,100.01,100.03,98.21,96.73,101.86,89.63,100.36,108.3,101.04,99.93
2020-08-01,99.65,102.12,99.98,99.86,100.1,95.36,100.06,100.04,98.22,97.77,103.59,89.72,100.36,110.91,101.25,104.2
2020-09-01,99.54,102.04,99.98,99.88,100.35,94.93,100.06,100.02,98.09,97.28,103.4,88.8,100.4,110.87,101.63,104.3
2020-10-01,99.59,102.09,100.02,99.86,100.3,95.1,100.03,100.02,98.15,97.49,103.53,89.13,100.38,110.92,100.73,102.15
2020-11-01,99.55,101.86,99.94,99.89,100.17,95.32,100.04,100.02,98.22,97.35,102.94,89.58,100.39,109.23,100.22,105.18
2020-12-01,99.7,101.4,99.89,99.92,100.44,96.54,100.03,100.02,98.71,97.75,101.81,92.14,100.44,107.43,99.76,103.81
2021-01-01,99.79,101.01,99.88,99.79,100.51,97.78,99.93,100.03,99.13,97.97,100.95,94.14,100.47,109.98,100.2,102.16
2021-02-01,98.88,100.37,99.87,95.18,100.27,99.68,99.97,100.03,98.04,95.39,99.46,89.73,100.39,110.16,99.93,100.46
2021-03-01,99.11,100.29,99.84,95.2,100.28,100.78,100.03,100.03,98.46,96.0,99.24,91.73,100.42,110.45,99.89,99.28
2021-04-01,100.48,101.02,99.87,99.79,100.27,100.85,99.95,100.03,100.27,99.86,100.64,99.72,100.56,110.7,99.56,97.04
2021-05-01,99.55,100.77,99.82,95.22,100.29,101.89,100.01,100.03,98.89,97.28,100.1,93.74,100.45,110.37,99.59,100.17
2021-06-01,99.93,101.13,99.7,95.22,100.5,102.91,99.99,100.03,99.29,98.39,100.77,95.57,100.47,109.2,99.88,105.02
2021-07-01,99.81,100.87,99.74,93.94,100.68,104.08,99.97,100.03,99.25,97.96,100.25,95.28,100.5,108.98,99.76,107.37
2021-08-01,99.63,100.61,99.74,93.92,100.49,103.98,99.17,100.03,99.13,97.56,99.73,95.09,100.43,108.63,99.96,114.4
2021-09-01,101.21,100.86,99.74,99.78,100.65,104.5,99.12,100.05,101.62,102.0,100.14,106.27,100.59,107.61,99.6,113.9
2021-10-01,101.96,101.82,99.69,99.69,100.65,106.14,99.1,100.66,102.22,104.26,101.97,109.27,100.59,107.19,99.27,107.46
2021-11-01,102.25,102.3,99.71,99.77,100.57,106.5,99.06,101.23,102.39,104.97,102.72,109.94,100.68,109.84,99.7,104.53
2021-12-01,101.86,102.18,99.66,99.78,100.71,104.93,99.03,101.38,101.81,103.7,102.38,107.09,100.73,112.24,100.12,104.47
2022-01-01,103.01,103.42,99.66,100.53,100.78,107.01,99.08,101.75,102.91,106.65,104.03,112.23,100.99,138.41,103.74,108.1
2022-02-01,104.1,104.9,99.68,100.6,100.79,109.07,99.16,101.76,103.72,107.47,103.11,115.95,102.2,131.27,104.57,108.98
2022-03-01,104.79,104.86,99.66,100.64,100.8,112.16,99.14,102.21,104.92,109.11,102.42,121.48,102.43,122.34,105.71,113.39
2022-04-01,105.15,105.9,99.7,100.77,101.12,111.67,99.12,102.24,104.82,109.89,104.13,120.73,102.57,126.09,106.11,119.84
2022-05-01,106.62,107.0,99.76,101.55,101.38,115.28,99.36,102.24,106.54,113.97,105.93,128.65,102.74,134.56,107.28,121.96
2022-06-01,107.58,107.62,99.8,101.69,101.44,118.09,100.1,102.28,107.72,116.36,106.69,133.77,102.99,139.03,109.72,116.64
2022-07-01,107.41,108.96,99.84,101.85,101.61,114.73,100.28,102.38,106.54,114.84,108.03,127.5,103.5,139.65,114.84,116.3
2022-08-01,107.46,110.02,99.85,101.99,101.99,112.79,100.3,102.43,105.9,114.81,110.02,124.09,103.59,140.43,115.69,123.66
2022-09-01,107.7,110.76,99.91,103.23,102.17,111.16,100.32,102.54,105.79,115.23,111.13,123.38,103.73,140.53,115.34,127.56
2022-10-01,108.06,111.57,99.92,103.24,102.3,111.28,100.39,102.55,105.86,116.24,112.66,123.55,103.78,139.08,114.35,127.84
2022-11-01,107.92,110.89,99.98,103.3,102.53,111.72,100.4,102.64,106.07,115.52,111.02,124.33,103.92,138.62,114.49,126.52
2022-12-01,107.86,111.24,99.92,103.3,102.56,110.86,100.46,102.66,105.75,115.23,111.5,122.75,103.98,136.98,114.47,123.25
